Workbook

Sheet Instructions
B2: RFP Vendor Assessment
B3: MoSCoW-weighted scoring model
B5: How it works
B6: 1. Set your criteria | C6: On the 'Assessment' tab, list every requirement from your RFP. Group them with a Category if useful.
B7: 2. Assign MoSCoW | C7: For each requirement pick a priority from the dropdown: Must, Should, Could, or Won't. This drives the weight automatically.
B8: 3. Score each vendor | C8: Rate every vendor 0-5 against each requirement using the dropdown. The rating scale is on the 'Config' tab.
B9: 4. Read the result | C9: The 'Results' tab ranks vendors by weighted score (%), and flags any vendor that fails a Must-have.
B11: The maths
B12: Weight | C12: Each MoSCoW level maps to a weight (Config tab, editable). Default: Must=5, Should=3, Could=1, Won't=0.
B13: Weighted score | C13: For each requirement: Weight x Vendor score (0-5). Shown per vendor on the Assessment tab.
B14: Total & % | C14: A vendor's total is the sum of its weighted scores. The % is total / maximum possible (every weight scored 5).
B15: Must-have gate | C15: Any Must scored below the pass threshold (Config, default 3) fails the vendor regardless of overall %. This is the RFP shortlist gate.
B17: Colour key
B18: Yellow cells | C18: You edit these (criteria text, MoSCoW level, vendor scores, vendor names).
B19: White/grey cells | C19: Calculated for you. Leave them alone.
B20: Config tab | C20: Change the MoSCoW weights, rating-scale labels, or the Must-have pass threshold here. Everything recalculates.

Sheet Config
B2: Configuration
B3: Edit the yellow cells to retune the model. Everything else follows.
B5: MoSCoW weighting
B6: MoSCoW level | C6: Weight | D6: Meaning
B7: Must | C7: 5 | D7: Mandatory. Non-negotiable requirement; failing it should disqualify a vendor.
B8: Should | C8: 3 | D8: High priority. Important but not vital; a workaround may exist.
B9: Could | C9: 1 | D9: Desirable. Nice to have if it does not affect cost or timeline much.
B10: Won't | C10: 0 | D10: Out of scope for now. Recorded but scores nothing.
B12: Must-have pass threshold
B13: Minimum score (0-5) a vendor must reach on every Must-have requirement: | D13: 3
B15: Rating scale (how well a vendor meets a requirement)
B16: Score | C16: Label | D16: Guidance
B17: 5 | C17: Excellent | D17: Fully meets and exceeds the requirement; best in class.
B18: 4 | C18: Good | D18: Fully meets the requirement out of the box.
B19: 3 | C19: Adequate | D19: Meets the requirement with minor gaps or config.
B20: 2 | C20: Partial | D20: Partially meets; notable gaps or customisation needed.
B21: 1 | C21: Poor | D21: Barely addresses the requirement; heavy workaround.
B22: 0 | C22: Not met | D22: Does not meet the requirement at all.

Sheet Assessment
A1: Vendor Assessment
A2: Yellow = you edit. Pick MoSCoW and score each vendor 0-5. Weight and weighted scores are automatic.
A4: Enter vendor names >> | G4: Vendor A | I4: Vendor B | K4: Vendor C | M4: Vendor D | O4: VegaIT layer | P4: Why this is marked
A5: ID | B5: Category | C5: Requirement | D5: MoSCoW | E5: Weight | G5: Score | H5: Weighted | I5: Score | J5: Weighted | K5: Score | L5: Weighted | M5: Score | N5: Weighted
A6: TEL-01 | B6: Telephony & call routing | C6: Integrates with the existing phone systems (multiple Mitel products supported by Maintel) | D6: Must | E6: {=IFERROR(INDEX(Config!$C$7:$C$10,MATCH(D6,Config!$B$7:$B$10,0)),0)} -> 5 | G6: 5 | H6: =IF(G6="","",$E6*G6) -> 25 | I6: 3 | J6: =IF(I6="","",$E6*I6) -> 15 | K6: 4 | L6: =IF(K6="","",$E6*K6) -> 20 | M6: 2 | N6: =IF(M6="","",$E6*M6) -> 10
A7: TEL-02 | B7: Telephony & call routing | C7: Can operate as the primary phone answering system, or pick up calls on configurable thresholds (e.g. rings, queue time, out of hours) | D7: Must | E7: {=IFERROR(INDEX(Config!$C$7:$C$10,MATCH(D7,Config!$B$7:$B$10,0)),0)} -> 5 | G7: 4 | H7: =IF(G7="","",$E7*G7) -> 20 | I7: 4 | J7: =IF(I7="","",$E7*I7) -> 20 | K7: 3 | L7: =IF(K7="","",$E7*K7) -> 15 | M7: 5 | N7: =IF(M7="","",$E7*M7) -> 25
A8: TEL-03 | B8: Telephony & call routing | C8: Queue management and routing for calls not handled by the AI | D8: Must | E8: {=IFERROR(INDEX(Config!$C$7:$C$10,MATCH(D8,Config!$B$7:$B$10,0)),0)} -> 5 | G8: 5 | H8: =IF(G8="","",$E8*G8) -> 25 | I8: 2 | J8: =IF(I8="","",$E8*I8) -> 10 | K8: 4 | L8: =IF(K8="","",$E8*K8) -> 20 | M8: 3 | N8: =IF(M8="","",$E8*M8) -> 15
A9: TEL-04 | B9: Telephony & call routing | C9: Outbound calls and cold calling capability | D9: Must | E9: {=IFERROR(INDEX(Config!$C$7:$C$10,MATCH(D9,Config!$B$7:$B$10,0)),0)} -> 5 | G9: 3 | H9: =IF(G9="","",$E9*G9) -> 15 | I9: 4 | J9: =IF(I9="","",$E9*I9) -> 20 | K9: 2 | L9: =IF(K9="","",$E9*K9) -> 10 | M9: 4 | N9: =IF(M9="","",$E9*M9) -> 20
A10: TEL-05 | B10: Telephony & call routing | C10: Handles peak concurrent call volumes across all practices and support centres without degradation; vendor states capacity limits | D10: Must | E10: {=IFERROR(INDEX(Config!$C$7:$C$10,MATCH(D10,Config!$B$7:$B$10,0)),0)} -> 5 | G10: 4 | H10: =IF(G10="","",$E10*G10) -> 20 | I10: 3 | J10: =IF(I10="","",$E10*I10) -> 15 | K10: 5 | L10: =IF(K10="","",$E10*K10) -> 25 | M10: 3 | N10: =IF(M10="","",$E10*M10) -> 15
A11: TEL-06 | B11: Telephony & call routing | C11: Central administration of per-practice configuration (numbers, opening hours, services, journeys) without per-site vendor work | D11: Must | E11: {=IFERROR(INDEX(Config!$C$7:$C$10,MATCH(D11,Config!$B$7:$B$10,0)),0)} -> 5 | G11: 3 | H11: =IF(G11="","",$E11*G11) -> 15 | I11: 5 | J11: =IF(I11="","",$E11*I11) -> 25 | K11: 4 | L11: =IF(K11="","",$E11*K11) -> 20 | M11: 2 | N11: =IF(M11="","",$E11*M11) -> 10
A12: TEL-07 | B12: Telephony & call routing | C12: Out-of-hours and overflow handling with configurable schedules per practice | D12: Must | E12: {=IFERROR(INDEX(Config!$C$7:$C$10,MATCH(D12,Config!$B$7:$B$10,0)),0)} -> 5 | H12: =IF(G12="","",$E12*G12) | J12: =IF(I12="","",$E12*I12) | L12: =IF(K12="","",$E12*K12) | N12: =IF(M12="","",$E12*M12)
A13: TEL-08 | B13: Telephony & call routing | C13: Call recording with configurable retention, retrievable per call | D13: Must | E13: {=IFERROR(INDEX(Config!$C$7:$C$10,MATCH(D13,Config!$B$7:$B$10,0)),0)} -> 5 | H13: =IF(G13="","",$E13*G13) | J13: =IF(I13="","",$E13*I13) | L13: =IF(K13="","",$E13*K13) | N13: =IF(M13="","",$E13*M13) | O13: Gate | P13: Recording either exists with retrievable retention or it does not, and its absence blocks the consent and audit design.
A14: TEL-09 | B14: Telephony & call routing | C14: Keypad (DTMF) fallback for callers who cannot or will not speak to the AI | D14: Must | E14: {=IFERROR(INDEX(Config!$C$7:$C$10,MATCH(D14,Config!$B$7:$B$10,0)),0)} -> 5 | H14: =IF(G14="","",$E14*G14) | J14: =IF(I14="","",$E14*I14) | L14: =IF(K14="","",$E14*K14) | N14: =IF(M14="","",$E14*M14)
A15: CNV-01 | B15: Conversation & voice experience | C15: Low latency so the conversation feels as natural as possible | D15: Must | E15: {=IFERROR(INDEX(Config!$C$7:$C$10,MATCH(D15,Config!$B$7:$B$10,0)),0)} -> 5 | H15: =IF(G15="","",$E15*G15) | J15: =IF(I15="","",$E15*I15) | L15: =IF(K15="","",$E15*K15) | N15: =IF(M15="","",$E15*M15)
A16: CNV-02 | B16: Conversation & voice experience | C16: Conversational responsiveness: adjusts speed and tone of voice to match the caller | D16: Should | E16: {=IFERROR(INDEX(Config!$C$7:$C$10,MATCH(D16,Config!$B$7:$B$10,0)),0)} -> 3 | H16: =IF(G16="","",$E16*G16) | J16: =IF(I16="","",$E16*I16) | L16: =IF(K16="","",$E16*K16) | N16: =IF(M16="","",$E16*M16)
A17: CNV-03 | B17: Conversation & voice experience | C17: Multi-language support (Welsh and English) | D17: Must | E17: {=IFERROR(INDEX(Config!$C$7:$C$10,MATCH(D17,Config!$B$7:$B$10,0)),0)} -> 5 | H17: =IF(G17="","",$E17*G17) | J17: =IF(I17="","",$E17*I17) | L17: =IF(K17="","",$E17*K17) | N17: =IF(M17="","",$E17*M17)
A18: CNV-04 | B18: Conversation & voice experience | C18: Multi-language support (other languages) | D18: Could | E18: {=IFERROR(INDEX(Config!$C$7:$C$10,MATCH(D18,Config!$B$7:$B$10,0)),0)} -> 1 | H18: =IF(G18="","",$E18*G18) | J18: =IF(I18="","",$E18*I18) | L18: =IF(K18="","",$E18*K18) | N18: =IF(M18="","",$E18*M18)
A19: CNV-05 | B19: Conversation & voice experience | C19: Ability to change voice (male / female) | D19: Could | E19: {=IFERROR(INDEX(Config!$C$7:$C$10,MATCH(D19,Config!$B$7:$B$10,0)),0)} -> 1 | H19: =IF(G19="","",$E19*G19) | J19: =IF(I19="","",$E19*I19) | L19: =IF(K19="","",$E19*K19) | N19: =IF(M19="","",$E19*M19)
A20: CNV-06 | B20: Conversation & voice experience | C20: Multiple regional accents | D20: Could | E20: {=IFERROR(INDEX(Config!$C$7:$C$10,MATCH(D20,Config!$B$7:$B$10,0)),0)} -> 1 | H20: =IF(G20="","",$E20*G20) | J20: =IF(I20="","",$E20*I20) | L20: =IF(K20="","",$E20*K20) | N20: =IF(M20="","",$E20*M20)
A21: CNV-07 | B21: Conversation & voice experience | C21: Ability to change the accent based on the CLI or ID verification | D21: Could | E21: {=IFERROR(INDEX(Config!$C$7:$C$10,MATCH(D21,Config!$B$7:$B$10,0)),0)} -> 1 | H21: =IF(G21="","",$E21*G21) | J21: =IF(I21="","",$E21*I21) | L21: =IF(K21="","",$E21*K21) | N21: =IF(M21="","",$E21*M21)
A22: CNV-08 | B22: Conversation & voice experience | C22: Discloses to the caller at the start of the call that they are speaking to an AI, and how to reach a person | D22: Must | E22: {=IFERROR(INDEX(Config!$C$7:$C$10,MATCH(D22,Config!$B$7:$B$10,0)),0)} -> 5 | H22: =IF(G22="","",$E22*G22) | J22: =IF(I22="","",$E22*I22) | L22: =IF(K22="","",$E22*K22) | N22: =IF(M22="","",$E22*M22) | O22: Gate | P22: Either the agent discloses that it is AI or it does not. A partial disclosure has no meaning.
A23: CNV-09 | B23: Conversation & voice experience | C23: Handles interruptions (barge-in), pauses and background noise without losing the thread | D23: Must | E23: {=IFERROR(INDEX(Config!$C$7:$C$10,MATCH(D23,Config!$B$7:$B$10,0)),0)} -> 5 | H23: =IF(G23="","",$E23*G23) | J23: =IF(I23="","",$E23*I23) | L23: =IF(K23="","",$E23*K23) | N23: =IF(M23="","",$E23*M23)
A24: CNV-10 | B24: Conversation & voice experience | C24: Recognises when it has not understood and re-prompts or hands off rather than guessing | D24: Must | E24: {=IFERROR(INDEX(Config!$C$7:$C$10,MATCH(D24,Config!$B$7:$B$10,0)),0)} -> 5 | H24: =IF(G24="","",$E24*G24) | J24: =IF(I24="","",$E24*I24) | L24: =IF(K24="","",$E24*K24) | N24: =IF(M24="","",$E24*M24)
A25: IDV-01 | B25: Caller identification & verification | C25: ID verification: takes call data that identifies the individual and matches it to our patient record | D25: Must | E25: {=IFERROR(INDEX(Config!$C$7:$C$10,MATCH(D25,Config!$B$7:$B$10,0)),0)} -> 5 | H25: =IF(G25="","",$E25*G25) | J25: =IF(I25="","",$E25*I25) | L25: =IF(K25="","",$E25*K25) | N25: =IF(M25="","",$E25*M25) | O25: Out of scope | P25: Matching a caller to the patient record happens in our identity resolution service against the CDP, not in the voice runtime.
A26: IDV-02 | B26: Caller identification & verification | C26: Records CLI and uses it as a seed for ID verification | D26: Must | E26: {=IFERROR(INDEX(Config!$C$7:$C$10,MATCH(D26,Config!$B$7:$B$10,0)),0)} -> 5 | H26: =IF(G26="","",$E26*G26) | J26: =IF(I26="","",$E26*I26) | L26: =IF(K26="","",$E26*K26) | N26: =IF(M26="","",$E26*M26)
A27: IDV-03 | B27: Caller identification & verification | C27: Integrates with our ID verification pathway | D27: Must | E27: {=IFERROR(INDEX(Config!$C$7:$C$10,MATCH(D27,Config!$B$7:$B$10,0)),0)} -> 5 | H27: =IF(G27="","",$E27*G27) | J27: =IF(I27="","",$E27*I27) | L27: =IF(K27="","",$E27*K27) | N27: =IF(M27="","",$E27*M27) | O27: Out of scope | P27: Our ID verification pathway is orchestration layer logic, so every vendor would score identically.
A28: IDV-04 | B28: Caller identification & verification | C28: Identifies and distinguishes between patients and other services that interact with practices or our support centres (e.g. clinicians, labs) | D28: Must | E28: {=IFERROR(INDEX(Config!$C$7:$C$10,MATCH(D28,Config!$B$7:$B$10,0)),0)} -> 5 | H28: =IF(G28="","",$E28*G28) | J28: =IF(I28="","",$E28*I28) | L28: =IF(K28="","",$E28*K28) | N28: =IF(M28="","",$E28*M28) | O28: Split | P28: Conversational classification of caller type is a vendor capability, but matching to records is ours. Split before scoring.
A29: IDV-05 | B29: Caller identification & verification | C29: Asks the caller whether they have any specific requirements and records the answer to other systems | D29: Must | E29: {=IFERROR(INDEX(Config!$C$7:$C$10,MATCH(D29,Config!$B$7:$B$10,0)),0)} -> 5 | H29: =IF(G29="","",$E29*G29) | J29: =IF(I29="","",$E29*I29) | L29: =IF(K29="","",$E29*K29) | N29: =IF(M29="","",$E29*M29)
A30: IDV-06 | B30: Caller identification & verification | C30: Handles third-party callers (parent/guardian, carer, someone calling on behalf of a patient) with appropriate authority checks | D30: Must | E30: {=IFERROR(INDEX(Config!$C$7:$C$10,MATCH(D30,Config!$B$7:$B$10,0)),0)} -> 5 | H30: =IF(G30="","",$E30*G30) | J30: =IF(I30="","",$E30*I30) | L30: =IF(K30="","",$E30*K30) | N30: =IF(M30="","",$E30*M30) | O30: Split | P30: Handling a third party caller conversationally is vendor work, but the authority check against the record is ours.
A31: IDV-07 | B31: Caller identification & verification | C31: Verification strength is configurable by transaction type (e.g. booking vs. discussing appointment detail vs. payment) | D31: Should | E31: {=IFERROR(INDEX(Config!$C$7:$C$10,MATCH(D31,Config!$B$7:$B$10,0)),0)} -> 3 | H31: =IF(G31="","",$E31*G31) | J31: =IF(I31="","",$E31*I31) | L31: =IF(K31="","",$E31*K31) | N31: =IF(M31="","",$E31*M31)
A32: JRN-01 | B32: Journey design & workflow orchestration | C32: Configurable and responsive customer journey through the call interaction | D32: Must | E32: {=IFERROR(INDEX(Config!$C$7:$C$10,MATCH(D32,Config!$B$7:$B$10,0)),0)} -> 5 | H32: =IF(G32="","",$E32*G32) | J32: =IF(I32="","",$E32*I32) | L32: =IF(K32="","",$E32*K32) | N32: =IF(M32="","",$E32*M32)
A33: JRN-02 | B33: Journey design & workflow orchestration | C33: Ability to have multiple workflows | D33: Must | E33: {=IFERROR(INDEX(Config!$C$7:$C$10,MATCH(D33,Config!$B$7:$B$10,0)),0)} -> 5 | H33: =IF(G33="","",$E33*G33) | J33: =IF(I33="","",$E33*I33) | L33: =IF(K33="","",$E33*K33) | N33: =IF(M33="","",$E33*M33)
A34: JRN-03 | B34: Journey design & workflow orchestration | C34: Ability to interact with and drive workflow in other tools | D34: Should | E34: {=IFERROR(INDEX(Config!$C$7:$C$10,MATCH(D34,Config!$B$7:$B$10,0)),0)} -> 3 | H34: =IF(G34="","",$E34*G34) | J34: =IF(I34="","",$E34*I34) | L34: =IF(K34="","",$E34*K34) | N34: =IF(M34="","",$E34*M34)
A35: JRN-04 | B35: Journey design & workflow orchestration | C35: Intent recognition covering core dental use cases: book, amend, cancel, emergency, treatment/price enquiry, payment, complaint, general enquiry | D35: Must | E35: {=IFERROR(INDEX(Config!$C$7:$C$10,MATCH(D35,Config!$B$7:$B$10,0)),0)} -> 5 | H35: =IF(G35="","",$E35*G35) | J35: =IF(I35="","",$E35*I35) | L35: =IF(K35="","",$E35*K35) | N35: =IF(M35="","",$E35*M35)
A36: JRN-05 | B36: Journey design & workflow orchestration | C36: Journeys, prompts and knowledge editable by trained mydentist staff without vendor change requests (low-code / no-code) | D36: Should | E36: {=IFERROR(INDEX(Config!$C$7:$C$10,MATCH(D36,Config!$B$7:$B$10,0)),0)} -> 3 | H36: =IF(G36="","",$E36*G36) | J36: =IF(I36="","",$E36*I36) | L36: =IF(K36="","",$E36*K36) | N36: =IF(M36="","",$E36*M36)
A37: JRN-06 | B37: Journey design & workflow orchestration | C37: Test environment and version control for journey changes before release to live | D37: Must | E37: {=IFERROR(INDEX(Config!$C$7:$C$10,MATCH(D37,Config!$B$7:$B$10,0)),0)} -> 5 | H37: =IF(G37="","",$E37*G37) | J37: =IF(I37="","",$E37*I37) | L37: =IF(K37="","",$E37*K37) | N37: =IF(M37="","",$E37*M37)
A38: HND-01 | B38: Human hand-off & escalation | C38: Patients have a clear 'off ramp' to speak directly to a human | D38: Must | E38: {=IFERROR(INDEX(Config!$C$7:$C$10,MATCH(D38,Config!$B$7:$B$10,0)),0)} -> 5 | H38: =IF(G38="","",$E38*G38) | J38: =IF(I38="","",$E38*I38) | L38: =IF(K38="","",$E38*K38) | N38: =IF(M38="","",$E38*M38) | O38: Gate | P38: A caller either has a route to a human or they do not.
A39: HND-02 | B39: Human hand-off & escalation | C39: Hands over to a human based on specific criteria or when it is not able to help | D39: Must | E39: {=IFERROR(INDEX(Config!$C$7:$C$10,MATCH(D39,Config!$B$7:$B$10,0)),0)} -> 5 | H39: =IF(G39="","",$E39*G39) | J39: =IF(I39="","",$E39*I39) | L39: =IF(K39="","",$E39*K39) | N39: =IF(M39="","",$E39*M39)
A40: HND-03 | B40: Human hand-off & escalation | C40: Hands over to a human based on semantic analysis and view of emotive level | D40: Could | E40: {=IFERROR(INDEX(Config!$C$7:$C$10,MATCH(D40,Config!$B$7:$B$10,0)),0)} -> 1 | H40: =IF(G40="","",$E40*G40) | J40: =IF(I40="","",$E40*I40) | L40: =IF(K40="","",$E40*K40) | N40: =IF(M40="","",$E40*M40)
A41: HND-04 | B41: Human hand-off & escalation | C41: Recognises dental emergencies and safeguarding concerns and routes them via a defined pathway, not a generic queue | D41: Should | E41: {=IFERROR(INDEX(Config!$C$7:$C$10,MATCH(D41,Config!$B$7:$B$10,0)),0)} -> 3 | H41: =IF(G41="","",$E41*G41) | J41: =IF(I41="","",$E41*I41) | L41: =IF(K41="","",$E41*K41) | N41: =IF(M41="","",$E41*M41)
A42: HND-05 | B42: Human hand-off & escalation | C42: Warm transfer passes the transcript summary and verified identity to the human agent so the caller does not repeat themselves | D42: Should | E42: {=IFERROR(INDEX(Config!$C$7:$C$10,MATCH(D42,Config!$B$7:$B$10,0)),0)} -> 3 | H42: =IF(G42="","",$E42*G42) | J42: =IF(I42="","",$E42*I42) | L42: =IF(K42="","",$E42*K42) | N42: =IF(M42="","",$E42*M42)
A43: HND-06 | B43: Human hand-off & escalation | C43: Offers a callback when no human is available and logs the request for follow-up | D43: Must | E43: {=IFERROR(INDEX(Config!$C$7:$C$10,MATCH(D43,Config!$B$7:$B$10,0)),0)} -> 5 | H43: =IF(G43="","",$E43*G43) | J43: =IF(I43="","",$E43*I43) | L43: =IF(K43="","",$E43*K43) | N43: =IF(M43="","",$E43*M43)
A44: INT-01 | B44: Systems integration | C44: HubSpot integration (CRM) | D44: Must | E44: {=IFERROR(INDEX(Config!$C$7:$C$10,MATCH(D44,Config!$B$7:$B$10,0)),0)} -> 5 | H44: =IF(G44="","",$E44*G44) | J44: =IF(I44="","",$E44*I44) | L44: =IF(K44="","",$E44*K44) | N44: =IF(M44="","",$E44*M44)
A45: INT-02 | B45: Systems integration | C45: Integrates with Orthobridge | D45: Won't | E45: {=IFERROR(INDEX(Config!$C$7:$C$10,MATCH(D45,Config!$B$7:$B$10,0)),0)} -> 0 | H45: =IF(G45="","",$E45*G45) | J45: =IF(I45="","",$E45*I45) | L45: =IF(K45="","",$E45*K45) | N45: =IF(M45="","",$E45*M45)
A46: INT-03 | B46: Systems integration | C46: Integrates with Dentally | D46: Won't | E46: {=IFERROR(INDEX(Config!$C$7:$C$10,MATCH(D46,Config!$B$7:$B$10,0)),0)} -> 0 | H46: =IF(G46="","",$E46*G46) | J46: =IF(I46="","",$E46*I46) | L46: =IF(K46="","",$E46*K46) | N46: =IF(M46="","",$E46*M46)
A47: INT-04 | B47: Systems integration | C47: Integrates with our booking capability | D47: Must | E47: {=IFERROR(INDEX(Config!$C$7:$C$10,MATCH(D47,Config!$B$7:$B$10,0)),0)} -> 5 | H47: =IF(G47="","",$E47*G47) | J47: =IF(I47="","",$E47*I47) | L47: =IF(K47="","",$E47*K47) | N47: =IF(M47="","",$E47*M47) | O47: Out of Scope | P47: Booking integration is ours to build for whichever vendor wins, so it cannot separate one vendor from another.
A48: INT-05 | B48: Systems integration | C48: Integrates with Tabeo | D48: Could | E48: {=IFERROR(INDEX(Config!$C$7:$C$10,MATCH(D48,Config!$B$7:$B$10,0)),0)} -> 1 | H48: =IF(G48="","",$E48*G48) | J48: =IF(I48="","",$E48*I48) | L48: =IF(K48="","",$E48*K48) | N48: =IF(M48="","",$E48*M48)
A49: INT-06 | B49: Systems integration | C49: Integrates with the practice management system (patient record, appointments) | D49: Must | E49: {=IFERROR(INDEX(Config!$C$7:$C$10,MATCH(D49,Config!$B$7:$B$10,0)),0)} -> 5 | H49: =IF(G49="","",$E49*G49) | J49: =IF(I49="","",$E49*I49) | L49: =IF(K49="","",$E49*K49) | N49: =IF(M49="","",$E49*M49) | O49: Out of Scope | P49: The practice management integration is the core of our deterministic transaction plane, built once for any vendor.
A50: INT-07 | B50: Systems integration | C50: Documented open APIs / webhooks for integrations not listed here | D50: Should | E50: {=IFERROR(INDEX(Config!$C$7:$C$10,MATCH(D50,Config!$B$7:$B$10,0)),0)} -> 3 | H50: =IF(G50="","",$E50*G50) | J50: =IF(I50="","",$E50*I50) | L50: =IF(K50="","",$E50*K50) | N50: =IF(M50="","",$E50*M50)
A51: INT-08 | B51: Systems integration | C51: Single sign-on via Microsoft Entra ID for staff and admin access | D51: Should | E51: {=IFERROR(INDEX(Config!$C$7:$C$10,MATCH(D51,Config!$B$7:$B$10,0)),0)} -> 3 | H51: =IF(G51="","",$E51*G51) | J51: =IF(I51="","",$E51*I51) | L51: =IF(K51="","",$E51*K51) | N51: =IF(M51="","",$E51*M51)
A52: PAY-01 | B52: Payments | C52: We currently take payments over the phone using Securio; must integrate with this payment system or other options and be open to changes if we switch providers | D52: Must | E52: {=IFERROR(INDEX(Config!$C$7:$C$10,MATCH(D52,Config!$B$7:$B$10,0)),0)} -> 5 | H52: =IF(G52="","",$E52*G52) | J52: =IF(I52="","",$E52*I52) | L52: =IF(K52="","",$E52*K52) | N52: =IF(M52="","",$E52*M52) | O52: Gate | P52: PCI DSS certification is held or it is not held.
A53: PAY-02 | B53: Payments | C53: PCI DSS compliance | D53: Must | E53: {=IFERROR(INDEX(Config!$C$7:$C$10,MATCH(D53,Config!$B$7:$B$10,0)),0)} -> 5 | H53: =IF(G53="","",$E53*G53) | J53: =IF(I53="","",$E53*I53) | L53: =IF(K53="","",$E53*K53) | N53: =IF(M53="","",$E53*M53)
A54: PAY-03 | B54: Payments | C54: Card data never enters the AI transcript or recording (DTMF masking or pause-and-resume) | D54: Must | E54: {=IFERROR(INDEX(Config!$C$7:$C$10,MATCH(D54,Config!$B$7:$B$10,0)),0)} -> 5 | H54: =IF(G54="","",$E54*G54) | J54: =IF(I54="","",$E54*I54) | L54: =IF(K54="","",$E54*K54) | N54: =IF(M54="","",$E54*M54) | O54: Gate | P54: Card data either stays out of the transcript or it does not, and a partial result is a breach.
A55: OMN-01 | B55: Omnichannel | C55: Ability to shift to other communication platforms e.g. chat or WhatsApp | D55: Could | E55: {=IFERROR(INDEX(Config!$C$7:$C$10,MATCH(D55,Config!$B$7:$B$10,0)),0)} -> 1 | H55: =IF(G55="","",$E55*G55) | J55: =IF(I55="","",$E55*I55) | L55: =IF(K55="","",$E55*K55) | N55: =IF(M55="","",$E55*M55)
A56: OMN-02 | B56: Omnichannel | C56: Sends SMS / email confirmation of bookings and actions taken on the call | D56: Must | E56: {=IFERROR(INDEX(Config!$C$7:$C$10,MATCH(D56,Config!$B$7:$B$10,0)),0)} -> 5 | H56: =IF(G56="","",$E56*G56) | J56: =IF(I56="","",$E56*I56) | L56: =IF(K56="","",$E56*K56) | N56: =IF(M56="","",$E56*M56)
A57: SAF-01 | B57: Safety, guardrails & accuracy | C57: Guard rails | D57: Must | E57: {=IFERROR(INDEX(Config!$C$7:$C$10,MATCH(D57,Config!$B$7:$B$10,0)),0)} -> 5 | H57: =IF(G57="","",$E57*G57) | J57: =IF(I57="","",$E57*I57) | L57: =IF(K57="","",$E57*K57) | N57: =IF(M57="","",$E57*M57)
A58: SAF-02 | B58: Safety, guardrails & accuracy | C58: Data / information accuracy | D58: Must | E58: {=IFERROR(INDEX(Config!$C$7:$C$10,MATCH(D58,Config!$B$7:$B$10,0)),0)} -> 5 | H58: =IF(G58="","",$E58*G58) | J58: =IF(I58="","",$E58*I58) | L58: =IF(K58="","",$E58*K58) | N58: =IF(M58="","",$E58*M58)
A59: SAF-03 | B59: Safety, guardrails & accuracy | C59: Answers are grounded in a controlled mydentist knowledge base (practice details, prices, policies); no fabricated facts | D59: Must | E59: {=IFERROR(INDEX(Config!$C$7:$C$10,MATCH(D59,Config!$B$7:$B$10,0)),0)} -> 5 | H59: =IF(G59="","",$E59*G59) | J59: =IF(I59="","",$E59*I59) | L59: =IF(K59="","",$E59*K59) | N59: =IF(M59="","",$E59*M59)
A60: SAF-04 | B60: Safety, guardrails & accuracy | C60: Gives no clinical advice beyond an approved script; clinical questions are routed to a human | D60: Must | E60: {=IFERROR(INDEX(Config!$C$7:$C$10,MATCH(D60,Config!$B$7:$B$10,0)),0)} -> 5 | H60: =IF(G60="","",$E60*G60) | J60: =IF(I60="","",$E60*I60) | L60: =IF(K60="","",$E60*K60) | N60: =IF(M60="","",$E60*M60) | O60: Gate | P60: Giving clinical advice is a safety failure, not a scoring band.
A61: SAF-05 | B61: Safety, guardrails & accuracy | C61: Resistant to prompt injection and caller attempts to alter its behaviour | D61: Must | E61: {=IFERROR(INDEX(Config!$C$7:$C$10,MATCH(D61,Config!$B$7:$B$10,0)),0)} -> 5 | H61: =IF(G61="","",$E61*G61) | J61: =IF(I61="","",$E61*I61) | L61: =IF(K61="","",$E61*K61) | N61: =IF(M61="","",$E61*M61)
A62: SEC-01 | B62: Compliance, security & data protection | C62: Clinical safety: vendor holds a DCB0129 compliant clinical safety case and supports our DCB0160 case | D62: Should | E62: {=IFERROR(INDEX(Config!$C$7:$C$10,MATCH(D62,Config!$B$7:$B$10,0)),0)} -> 3 | H62: =IF(G62="","",$E62*G62) | J62: =IF(I62="","",$E62*I62) | L62: =IF(K62="","",$E62*K62) | N62: =IF(M62="","",$E62*M62)
A63: SEC-02 | B63: Compliance, security & data protection | C63: DTAC (Digital Technology Assessment Criteria) compliant | D63: Should | E63: {=IFERROR(INDEX(Config!$C$7:$C$10,MATCH(D63,Config!$B$7:$B$10,0)),0)} -> 3 | H63: =IF(G63="","",$E63*G63) | J63: =IF(I63="","",$E63*I63) | L63: =IF(K63="","",$E63*K63) | N63: =IF(M63="","",$E63*M63)
A64: SEC-03 | B64: Compliance, security & data protection | C64: Meets all UK accessibility requirements | D64: Must | E64: {=IFERROR(INDEX(Config!$C$7:$C$10,MATCH(D64,Config!$B$7:$B$10,0)),0)} -> 5 | H64: =IF(G64="","",$E64*G64) | J64: =IF(I64="","",$E64*I64) | L64: =IF(K64="","",$E64*K64) | N64: =IF(M64="","",$E64*M64) | O64: Gate | P64: Accessibility conformance is claimed and evidenced, or it is not.
A65: SEC-04 | B65: Compliance, security & data protection | C65: UK GDPR compliant with signed DPA and DSPT met | D65: Must | E65: {=IFERROR(INDEX(Config!$C$7:$C$10,MATCH(D65,Config!$B$7:$B$10,0)),0)} -> 5 | H65: =IF(G65="","",$E65*G65) | J65: =IF(I65="","",$E65*I65) | L65: =IF(K65="","",$E65*K65) | N65: =IF(M65="","",$E65*M65) | O65: Gate | P65: A signed DPA and DSPT status are binary contractual facts.
A66: SEC-05 | B66: Compliance, security & data protection | C66: Data hosted and processed (including AI model inference) in the UK/EEA; all sub-processors disclosed | D66: Must | E66: {=IFERROR(INDEX(Config!$C$7:$C$10,MATCH(D66,Config!$B$7:$B$10,0)),0)} -> 5 | H66: =IF(G66="","",$E66*G66) | J66: =IF(I66="","",$E66*I66) | L66: =IF(K66="","",$E66*K66) | N66: =IF(M66="","",$E66*M66) | O66: Gate | P66: Processing region is either UK or EEA or it is not, model inference included.
A67: SEC-06 | B67: Compliance, security & data protection | C67: Our call data and transcripts are not used to train vendor or third-party models | D67: Must | E67: {=IFERROR(INDEX(Config!$C$7:$C$10,MATCH(D67,Config!$B$7:$B$10,0)),0)} -> 5 | H67: =IF(G67="","",$E67*G67) | J67: =IF(I67="","",$E67*I67) | L67: =IF(K67="","",$E67*K67) | N67: =IF(M67="","",$E67*M67) | O67: Gate | P67: Either our call data and transcripts train their models or they do not.
A68: SEC-07 | B68: Compliance, security & data protection | C68: Encryption at rest and in transit; role-based access; full audit trail | D68: Must | E68: {=IFERROR(INDEX(Config!$C$7:$C$10,MATCH(D68,Config!$B$7:$B$10,0)),0)} -> 5 | H68: =IF(G68="","",$E68*G68) | J68: =IF(I68="","",$E68*I68) | L68: =IF(K68="","",$E68*K68) | N68: =IF(M68="","",$E68*M68) | O68: Gate | P68: Encryption, role based access and an audit trail are baseline controls rather than differentiators.
A69: SEC-08 | B69: Compliance, security & data protection | C69: Configurable retention and deletion of recordings and transcripts | D69: Must | E69: {=IFERROR(INDEX(Config!$C$7:$C$10,MATCH(D69,Config!$B$7:$B$10,0)),0)} -> 5 | H69: =IF(G69="","",$E69*G69) | J69: =IF(I69="","",$E69*I69) | L69: =IF(K69="","",$E69*K69) | N69: =IF(M69="","",$E69*M69) | O69: Gate | P69: Retention and deletion controls either exist or the data cannot be governed.
A70: SEC-09 | B70: Compliance, security & data protection | C70: Supports our DPIA with documentation of models used, data flows and AI-specific risks | D70: Must | E70: {=IFERROR(INDEX(Config!$C$7:$C$10,MATCH(D70,Config!$B$7:$B$10,0)),0)} -> 5 | H70: =IF(G70="","",$E70*G70) | J70: =IF(I70="","",$E70*I70) | L70: =IF(K70="","",$E70*K70) | N70: =IF(M70="","",$E70*M70)
A71: SEC-10 | B71: Compliance, security & data protection | C71: Cyber Essentials Plus and/or ISO 27001 certified | D71: Should | E71: {=IFERROR(INDEX(Config!$C$7:$C$10,MATCH(D71,Config!$B$7:$B$10,0)),0)} -> 3 | H71: =IF(G71="","",$E71*G71) | J71: =IF(I71="","",$E71*I71) | L71: =IF(K71="","",$E71*K71) | N71: =IF(M71="","",$E71*M71)
A72: REC-01 | B72: Transcripts, records & data capture | C72: Transcript of the call | D72: Must | E72: {=IFERROR(INDEX(Config!$C$7:$C$10,MATCH(D72,Config!$B$7:$B$10,0)),0)} -> 5 | H72: =IF(G72="","",$E72*G72) | J72: =IF(I72="","",$E72*I72) | L72: =IF(K72="","",$E72*K72) | N72: =IF(M72="","",$E72*M72) | O72: Gate | P72: A transcript is produced or it is not, and without one the audit trail fails.
A73: REC-02 | B73: Transcripts, records & data capture | C73: Transcript of the call in the original language and English translation | D73: Must | E73: {=IFERROR(INDEX(Config!$C$7:$C$10,MATCH(D73,Config!$B$7:$B$10,0)),0)} -> 5 | H73: =IF(G73="","",$E73*G73) | J73: =IF(I73="","",$E73*I73) | L73: =IF(K73="","",$E73*K73) | N73: =IF(M73="","",$E73*M73)
A74: REC-03 | B74: Transcripts, records & data capture | C74: Structured call summary (intent, outcome, actions) written back to the PMS / CRM record | D74: Must | E74: {=IFERROR(INDEX(Config!$C$7:$C$10,MATCH(D74,Config!$B$7:$B$10,0)),0)} -> 5 | H74: =IF(G74="","",$E74*G74) | J74: =IF(I74="","",$E74*I74) | L74: =IF(K74="","",$E74*K74) | N74: =IF(M74="","",$E74*M74) | O74: Out of Scope | P74: Writing a structured summary to the PMS or CRM is an orchestration layer write, not a vendor capability.
A75: REC-04 | B75: Transcripts, records & data capture | C75: Call recording notification and consent handled to UK requirements | D75: Should | E75: {=IFERROR(INDEX(Config!$C$7:$C$10,MATCH(D75,Config!$B$7:$B$10,0)),0)} -> 3 | H75: =IF(G75="","",$E75*G75) | J75: =IF(I75="","",$E75*I75) | L75: =IF(K75="","",$E75*K75) | N75: =IF(M75="","",$E75*M75)
A76: RPT-01 | B76: Reporting, monitoring & analytics | C76: Performance monitoring | D76: Must | E76: {=IFERROR(INDEX(Config!$C$7:$C$10,MATCH(D76,Config!$B$7:$B$10,0)),0)} -> 5 | H76: =IF(G76="","",$E76*G76) | J76: =IF(I76="","",$E76*I76) | L76: =IF(K76="","",$E76*K76) | N76: =IF(M76="","",$E76*M76)
A77: RPT-02 | B77: Reporting, monitoring & analytics | C77: Dashboards of performance | D77: Must | E77: {=IFERROR(INDEX(Config!$C$7:$C$10,MATCH(D77,Config!$B$7:$B$10,0)),0)} -> 5 | H77: =IF(G77="","",$E77*G77) | J77: =IF(I77="","",$E77*I77) | L77: =IF(K77="","",$E77*K77) | N77: =IF(M77="","",$E77*M77)
A78: RPT-03 | B78: Reporting, monitoring & analytics | C78: Standard KPIs: containment rate, hand-off rate, abandonment, booking conversion, average handling time | D78: Must | E78: {=IFERROR(INDEX(Config!$C$7:$C$10,MATCH(D78,Config!$B$7:$B$10,0)),0)} -> 5 | H78: =IF(G78="","",$E78*G78) | J78: =IF(I78="","",$E78*I78) | L78: =IF(K78="","",$E78*K78) | N78: =IF(M78="","",$E78*M78)
A79: RPT-04 | B79: Reporting, monitoring & analytics | C79: QA review tools: sample and score calls, flag failures, feed improvements back into journeys | D79: Must | E79: {=IFERROR(INDEX(Config!$C$7:$C$10,MATCH(D79,Config!$B$7:$B$10,0)),0)} -> 5 | H79: =IF(G79="","",$E79*G79) | J79: =IF(I79="","",$E79*I79) | L79: =IF(K79="","",$E79*K79) | N79: =IF(M79="","",$E79*M79)
A80: RPT-05 | B80: Reporting, monitoring & analytics | C80: Real-time alerting on outages, latency and failure spikes | D80: Must | E80: {=IFERROR(INDEX(Config!$C$7:$C$10,MATCH(D80,Config!$B$7:$B$10,0)),0)} -> 5 | H80: =IF(G80="","",$E80*G80) | J80: =IF(I80="","",$E80*I80) | L80: =IF(K80="","",$E80*K80) | N80: =IF(M80="","",$E80*M80)
A81: RPT-06 | B81: Reporting, monitoring & analytics | C81: Data export / API into our own BI (e.g. Power BI) | D81: Should | E81: {=IFERROR(INDEX(Config!$C$7:$C$10,MATCH(D81,Config!$B$7:$B$10,0)),0)} -> 3 | H81: =IF(G81="","",$E81*G81) | J81: =IF(I81="","",$E81*I81) | L81: =IF(K81="","",$E81*K81) | N81: =IF(M81="","",$E81*M81)
A82: SVC-01 | B82: Service, commercial & vendor | C82: Uptime SLA of 99.9% or better with service credits; UK support hours and response times stated | D82: Must | E82: {=IFERROR(INDEX(Config!$C$7:$C$10,MATCH(D82,Config!$B$7:$B$10,0)),0)} -> 5 | H82: =IF(G82="","",$E82*G82) | J82: =IF(I82="","",$E82*I82) | L82: =IF(K82="","",$E82*K82) | N82: =IF(M82="","",$E82*M82)
A83: SVC-02 | B83: Service, commercial & vendor | C83: Transparent pricing (per call, minute or practice) with no hidden fees and a forecastable cost model | D83: Must | E83: {=IFERROR(INDEX(Config!$C$7:$C$10,MATCH(D83,Config!$B$7:$B$10,0)),0)} -> 5 | H83: =IF(G83="","",$E83*G83) | J83: =IF(I83="","",$E83*I83) | L83: =IF(K83="","",$E83*K83) | N83: =IF(M83="","",$E83*M83)
A84: SVC-03 | B84: Service, commercial & vendor | C84: Phased pilot across a small set of practices before group-wide rollout | D84: Must | E84: {=IFERROR(INDEX(Config!$C$7:$C$10,MATCH(D84,Config!$B$7:$B$10,0)),0)} -> 5 | H84: =IF(G84="","",$E84*G84) | J84: =IF(I84="","",$E84*I84) | L84: =IF(K84="","",$E84*K84) | N84: =IF(M84="","",$E84*M84)
A85: SVC-04 | B85: Service, commercial & vendor | C85: Exit: export of all data in open formats at contract end; no lock-in | D85: Must | E85: {=IFERROR(INDEX(Config!$C$7:$C$10,MATCH(D85,Config!$B$7:$B$10,0)),0)} -> 5 | H85: =IF(G85="","",$E85*G85) | J85: =IF(I85="","",$E85*I85) | L85: =IF(K85="","",$E85*K85) | N85: =IF(M85="","",$E85*M85) | O85: Gate | P85: Data export in open formats at contract end is a contractual yes or no.
A86: SVC-05 | B86: Service, commercial & vendor | C86: Notifies and allows testing before underlying AI model changes are applied to our service | D86: Must | E86: {=IFERROR(INDEX(Config!$C$7:$C$10,MATCH(D86,Config!$B$7:$B$10,0)),0)} -> 5 | H86: =IF(G86="","",$E86*G86) | J86: =IF(I86="","",$E86*I86) | L86: =IF(K86="","",$E86*K86) | N86: =IF(M86="","",$E86*M86)
A87: SVC-06 | B87: Service, commercial & vendor | C87: Reference customers in UK healthcare or dental | D87: Could | E87: {=IFERROR(INDEX(Config!$C$7:$C$10,MATCH(D87,Config!$B$7:$B$10,0)),0)} -> 1 | H87: =IF(G87="","",$E87*G87) | J87: =IF(I87="","",$E87*I87) | L87: =IF(K87="","",$E87*K87) | N87: =IF(M87="","",$E87*M87)
A88: SVC-06 | B88: Systems Integration | C88: Integrates with R4 (APIS wil be provided) | D88: Must | E88: {=IFERROR(INDEX(Config!$C$7:$C$10,MATCH(D88,Config!$B$7:$B$10,0)),0)} -> 5 | O88: Out of Scope | P88: Scores an R4 API that does not yet exist, and the integration is ours to build regardless. Also a duplicate of the SVC-06 ID.
A89: NHS-01 | B89: NHS certifications, assessments & contracts | C89: List current and previous contracts with NHS organisations (trusts, ICBs, GP practices, NHS dental providers) and other UK healthcare providers: scope, dates, scale, procurement route (e.g. G-Cloud, CCS, NHS SBS, HSSF) and whether referenceable | D89: Could | E89: {=IFERROR(INDEX(Config!$C$7:$C$10,MATCH(D89,Config!$B$7:$B$10,0)),0)} -> 1 | H89: =IF(G89="","",$E89*G89) | J89: =IF(I89="","",$E89*I89) | L89: =IF(K89="","",$E89*K89) | N89: =IF(M89="","",$E89*M89)
A90: NHS-02 | B90: NHS certifications, assessments & contracts | C90: State MHRA registration status of any product (registration number, class, intended purpose as registered) and UKCA/CE marking held, or confirm none and the rationale | D90: Could | E90: {=IFERROR(INDEX(Config!$C$7:$C$10,MATCH(D90,Config!$B$7:$B$10,0)),0)} -> 1 | H90: =IF(G90="","",$E90*G90) | J90: =IF(I90="","",$E90*I90) | L90: =IF(K90="","",$E90*K90) | N90: =IF(M90="","",$E90*M90)
A95: TOTAL WEIGHTED SCORE | G95: =SUM(H6:H93) -> 120 | I95: =SUM(J6:J93) -> 105 | K95: =SUM(L6:L93) -> 110 | M95: =SUM(N6:N93) -> 95
A96: Maximum possible score | G96: =SUMPRODUCT($E6:$E93,--ISNUMBER(G6:G93))*5 -> 150 | I96: =SUMPRODUCT($E6:$E93,--ISNUMBER(I6:I93))*5 -> 150 | K96: =SUMPRODUCT($E6:$E93,--ISNUMBER(K6:K93))*5 -> 150 | M96: =SUMPRODUCT($E6:$E93,--ISNUMBER(M6:M93))*5 -> 150
A97: WEIGHTED SCORE % | G97: =IFERROR(G95/G96,0) -> 0.8 | I97: =IFERROR(I95/I96,0) -> 0.7 | K97: =IFERROR(K95/K96,0) -> 0.73333333 | M97: =IFERROR(M95/M96,0) -> 0.63333333
A98: MUST-HAVE GATE | G98: =IF(SUMPRODUCT(($D6:$D93="Must")*ISNUMBER(G6:G93)*(G6:G93<Config!$D$13))>0,"FAIL","PASS") -> PASS | I98: =IF(SUMPRODUCT(($D6:$D93="Must")*ISNUMBER(I6:I93)*(I6:I93<Config!$D$13))>0,"FAIL","PASS") -> FAIL | K98: =IF(SUMPRODUCT(($D6:$D93="Must")*ISNUMBER(K6:K93)*(K6:K93<Config!$D$13))>0,"FAIL","PASS") -> FAIL | M98: =IF(SUMPRODUCT(($D6:$D93="Must")*ISNUMBER(M6:M93)*(M6:M93<Config!$D$13))>0,"FAIL","PASS") -> FAIL

Sheet Results
B2: Results Dashboard
B3: Ranked by weighted score. A Must-have gate failure overrides the ranking for shortlisting.
B5: Rank | C5: Vendor | D5: Weighted score | E5: Max possible | F5: Score % | G5: Must gate | H5: Recommendation
B6: =IF(E6=0,"",RANK(F6,$F$6:$F$9,0)) -> 1 | C6: =Assessment!G4 -> Vendor A | D6: =Assessment!G95 -> 120 | E6: =Assessment!G96 -> 150 | F6: =Assessment!G97 -> 0.8 | G6: =Assessment!G98 -> PASS | H6: =IF(E6=0,"Not scored",IF(G6="FAIL","Excluded - fails a Must",IF(B6=1,"Preferred","Consider"))) -> Preferred
B7: =IF(E7=0,"",RANK(F7,$F$6:$F$9,0)) -> 3 | C7: =Assessment!I4 -> Vendor B | D7: =Assessment!I95 -> 105 | E7: =Assessment!I96 -> 150 | F7: =Assessment!I97 -> 0.7 | G7: =Assessment!I98 -> FAIL | H7: =IF(E7=0,"Not scored",IF(G7="FAIL","Excluded - fails a Must",IF(B7=1,"Preferred","Consider"))) -> Excluded - fails a Must
B8: =IF(E8=0,"",RANK(F8,$F$6:$F$9,0)) -> 2 | C8: =Assessment!K4 -> Vendor C | D8: =Assessment!K95 -> 110 | E8: =Assessment!K96 -> 150 | F8: =Assessment!K97 -> 0.73333333 | G8: =Assessment!K98 -> FAIL | H8: =IF(E8=0,"Not scored",IF(G8="FAIL","Excluded - fails a Must",IF(B8=1,"Preferred","Consider"))) -> Excluded - fails a Must
B9: =IF(E9=0,"",RANK(F9,$F$6:$F$9,0)) -> 4 | C9: =Assessment!M4 -> Vendor D | D9: =Assessment!M95 -> 95 | E9: =Assessment!M96 -> 150 | F9: =Assessment!M97 -> 0.63333333 | G9: =Assessment!M98 -> FAIL | H9: =IF(E9=0,"Not scored",IF(G9="FAIL","Excluded - fails a Must",IF(B9=1,"Preferred","Consider"))) -> Excluded - fails a Must
B11: Notes
B12: Score % = total weighted score / maximum possible (all scored requirements at 5). It ignores unscored rows so partial assessments still compare fairly.
B13: Must gate = FAIL if the vendor scores below the Config pass threshold on any requirement marked 'Must'. A failing vendor is excluded regardless of %.
B14: To add a 5th+ vendor, insert paired Score/Weighted columns on the Assessment tab and extend the totals; or reuse the sheet per lot/package.
